hamoosh_22,1,حمد العمير/ حموش السعودي,تمثيل
ana_zara,1,زارا البلوشي,تمثيل 
wadjda1,1,وعد محمد,تمثيل
deeja-mohd,1,خديجة اشرف,تمثيل
sa_ro001,1,ساره مهند,تمثيل
ometx,1,ميتو الشامسي,تمثيل
qri6m1,1,قريطم,تمثيل
ana.zezoo,1,زياد العمري,تمثيل
ne4_44,1,نيف السيد,تمثيل
izezoo,1,عبدالعزيز الشهري,تمثيل
abdulaziz-jamel,1,عبدالعزيز برناوي,تمثيل
lave1122,1,أبو فهد,تمثيل
almahra911,1,المهرة البحرينية,جمال 
raa.aa50,1,رزان عبدالله,جمال 
sheraz.tjarb,1,خلطات جدتي/ شيراز,جمال 
leesaseel1,1,ليسا,جمال 
aliona.ess,1,أليونا,جمال 
missnourani,1,نوران,جمال 
h.ii1zh,1,حنين الزهراني,جمال 
monashe22,1,منى,جمال 
l_ageel,1,لانا العقيل,جمال 
mommybellajaz,1,بيلا جاز,جمال 
yasmeenadakheel,1,ياسمين دخيل,جمال 
zuhoora,1,زهور سعود,جمال 
banderitax,1,بندريتا / بندر المجلي,صانع محتوى
iapp_free,1,عبدالله السبيعي,صانع محتوى
darin_albayed,1,دارين البايض,صانع محتوى
iiff11,1,فيصل اليامي,صانع محتوى
gazzi24,1,غازي الذيابي أبو النصر,صانع محتوى
vvcsc,1,بدر آل انطونيو,صانع محتوى
dralzaaq,1,د. خالد الزعاق,صانع محتوى
muathofficial,1,معاذ عبدالرحمن,صانع محتوى
obid_24,1,ابو يزيد وابو يارا,صانع محتوى
imtnan_alsuhaim,1,امتنان/ عائلة السحيم,صانع محتوى
ibrahim_dos,1,إبراهيم الدوسري,صانع محتوى
sebaahmad7,1,عواطف/ أم صبا,لايف ستايل
bshaeer_al,1,بشاير أم ثموري,لايف ستايل
nonatk0,1,نوال الكناني,لايف ستايل
enas.alhent,1,ايناس الحنطي,لايف ستايل
haya_all2,1,سوالف هيون/ هيا الغماس,لايف ستايل
danh.505,1,غناتي دني دانه,لايف ستايل
mashil_505,1,أبو دانة,لايف ستايل
b3der_12,1,أبو حصة / بدر,لايف ستايل
maho5678,1,مها الصيعري,لايف ستايل
joly_77,1,نجلاء عبدالعزيز,أزياء 
riri.i9,1,روان العمرو,أزياء 
xxlamas3dxx,1,لمى سعد,أزياء 
maryamsaied,1,مريم سعيد,أزياء 
xreetanx,1,رتون سلطان,أزياء 
gogo-oo0,1,لجين حسن,أزياء 
r_days,1,رغد دايز,أزياء 
mryam-84,1,مريم الأنصاري,أزياء 
m7mdz_29,1,محمدز,ترفيه
rbaa33,1,الربع صديق الكل,ترفيه
hassan_alsobhan,1,حسن الصبحان ملك التوقعات,ترفيه
x3booshz,1,عبدالله التميمي,ترفيه
hind_alfawzan,1,هند الفوزان,طبخ
snap15s,1,15 ثانية,طبخ
wejdan.mohammad,1,وجدان محمد,طبخ
mraaaim123,1,مطبخ مرايم,طبخ
maya_445,1,مايا بخش,غناء 
ليلى اسكندر,1,ليلى اسكندر,غناء 
frvib,1,مروان بن سلمان,غناء 
sheme.a,1,شيمي / شروق,غناء 
b_wx,1,فيصل البراك,إعلام
bdr.live,1,بدر آل زيدان,إعلام
en.118,1,إبراهيم العسيري,إعلام
manal_alessia,1,منال العيسى,إعلام
rko-1x,1,راكان سليمان,مؤثر
sal,1,محمد سال,مؤثر
el19h,1,إلهام الدومري,بلوقر 
jolly116,1,نجلاء القاسم,متحدث محفز 
modelroz,1,روز عبدالله,أزياء
ha1az1,1,عزازي / حمد,ترفيه
shx_777,1,اسامة الدغيري,ترفيه
sarah.artist,1,سارة الودعاني,جمال
ashraf_noon,1,يوميات عائله ملسوعه,ترفيه
rah.alq505,1,رهف القحطاني,لايف ستايل
mjrmgems,1,ريان الأحمري,صانع محتوى
feehan777,1,فيحان ابن الصحراء,لايف ستايل
Malika.live,1,ملكة كابلي,جمال
a_alsadhan,1,عبدالرحمن السدحان,لايف ستايل
NJEEL_D,1,نجلاء الودعاني,بلوقر
xjoodx,1,جود عزيز,جمال
latif_111,1,دستور,لايف ستايل
qedoooo,1,عبدالقادر الشهراني,لايف ستايل
muruj.moe,1,مروج الرحيلي,جمال
Shahad_fz1,1,شهد الزهراني,جمال
ji.ij699,1,شوق محمد,جمال
T.alansari5,1,فاطمة الأنصاري,جمال
olyan15k,1,خالد العليان,اعلام
zoozto,1,فوز العتيبي,لايف ستايل
toun16,1,ثنيان خالد,مؤثر
afnaneta2,1,افنانيتا بلوقر,بلوقر
artistamal1,1,أمل الأنصاري,جمال
faisal9a,1,فيصل العبدالكريم,صانع محتوى
yaasa1200,1,سامي الزهراني ياسا,متحدث محفز
ibrahimbasha,1,إبراهيم باشا,صانع محتوى
asaf.shamr,1,عساف الشمري,لايف ستايل
abo7or33,1,ابو حور,لايف ستايل
shweel1122,1,شويل,ترفيه
alsabe3,1,عبدالله السبع,صانع محتوى
eleen_su,1,الين سليمان,جمال
ali-nahi10,1,ابو عجيب,ترفيه
d7oom4cars,1,عبدالرحمن الخالدي,صانع محتوى
ialanodalyousef,1,العنود اليوسف,لايف ستايل
mo8rm,1,مستر صدمة,ترفيه
yaralnamlah,1,يارا النملة,أزياء
dehraan,1,دهران,طبخ
amal16600,1,أمل احمد,لايف ستايل
hussein_sm,1,حسين بن محفوظ,صانع محتوى
hassan_alsobhan,1,حسن الصبحان,ترفيه
hasan-bin,1,حسن بن محفوظ,صانع محتوى
abeer.sinder,1,عبير سندر,جمال
bos3d209,1,عبدالله الودعاني AW,لايف ستايل
nma7744,1,نايف الوثلان,مؤثر
hanan_alraimi,1,حنان الريمي,لايف ستايل
mmkh_0777,1,محمد الجنوبي,بلوقر
mashael_turkii,1,مشاعل التركي,أزياء
akm1999,1,عز الخد,ترفيه
mmx-f16,1,محمد حبيب الكل,ترفيه
alanoud_yamani,1,العنود يماني,صحة
a999010,1,ابو بجاد الهارف,مؤثر
taat21,1,حياة الحربي,لايف ستايل
layalimakeover,1,ليالي,جمال
brndili-44,1,سعد عزيز,تمثيل
badr_alali1400,1,بدر العلي,سفر
rajeh-alharthi,1,راجح الحارثي,صانع محتوى
amyroko,1,ايمي روكو,صانع محتوى
farah_hakim,1,فرح حكيم,لايف ستايل
m_skran,1,محمد السكران,صانع محتوى
dal3.dona,1,دونا الحسين,جمال
milaalzahranii,1,ميلا الزهراني,تمثيل
turkishwithamal,1,امل التركي,طبخ
sultanwalfisal,1,سلطان الفيصل,أزياء
iauodiz,1,أودي الزبن,جمال
adwaaldakheel,1,أضوى الدخيل,مؤثر
nojoud.r,1,نجود الرميحي,أزياء
essam_gh25,1,عصام الغامدي,طبخ
abuomartube,1,ابو عمر,تعليم
Just.Bayan,1,بيان لنجاوي,جمال
c_fatax7,1,تاحو,صانع محتوى
hmsat_al3ion,1,هموسة - هدى خالد,لايف ستايل
abdullahaljumah,1,عبدالله الجمعة,سفر
stylemesausan,1,سوسن القاضي,أزياء
amira_alh5,1,أميرة العباس,اعلام
falghazzawi,1,فيصل الغزاوي,أزياء
adel_radwan,1,عادل رضوان,تمثيل
omar.huss,1,عمر حسين,تمثيل
hessahos,1,حصة الصانع,لايف ستايل
hatoonkadi,1,هتون قاضي,صانع محتوى
model_roz,2,روز عبدالله,أزياء
6ar8o,2,طارق الحربي,مؤثر
afnan_albatel,2,أفنان الباتل,لايف ستايل
aseel,2,أسيل عمران,تمثيل
ibrahimbasha,2,إبراهيم باشا,صانع محتوى
r.mjrm,2,ريان الأحمري,صانع محتوى
7alsabe,2,عبدالله السبع,صانع محتوى
rajeh_90,2,راجح الحارثي,صانع محتوى
ashraf_noon,2,يوميات عائله ملسوعه,ترفيه
ju8b.b,2,شوق محمد,جمال
muhannaddesign,2,مهند الحربي,لايف ستايل
sarah_wad3ani,2,سارة الودعاني,جمال
thehala,2,هلا عبدالله,جمال
afnaneta3,2,افنانيتا بلوقر,بلوقر
thunayyan16,2,ثنيان خالد,مؤثر
abdullah.wad3ani,2,عبدالله الودعاني AW,لايف ستايل
zenaemaad,2,زينة عماد,غناء
aax66,2,أحمد البارقي,صانع محتوى
dhoom0011,2,ابوجفين,صانع محتوى
eleen_su,2,الين سليمان,جمال
amyroko,2,ايمي روكو,صانع محتوى
njoudsh1,2,نجود بنت مشعل,صانع محتوى
fmb4,2,فراس بقنه,بلوقر
joodaziz_,2,جود عزيز,جمال
yaralnamlah,2,يارا النملة,أزياء
sultan_x220,2,سلطان الفيصل,أزياء
bidzsaleh,2,بدر صالح,تمثيل
malika_kabli,2,ملكة كابلي,جمال
noon24n,2,نصرة الحربي,لايف ستايل
shahadfz1,2,شهد الزهراني,جمال
cm1,2,عز الخد,ترفيه
fozaza,2,العنود بدر,أزياء
artistamal,2,أمل الأنصاري,جمال
hussein_sm,2,حسين بن محفوظ,صانع محتوى
turkishwithamal,2,امل التركي,طبخ
shx777,2,اسامة الدغيري,ترفيه
olyan15k,2,خالد العليان,اعلام
hassan_bin_mahfouz,2,حسن بن محفوظ,صانع محتوى
layalimakeover,2,ليالي,جمال
zied_alswaida,2,زيد السويداء,مؤثر
moalsahli,2,محمد السهلي,غناء
llole1995,2,ليان عبدالله,جمال
abeer.sinder,2,عبير سندر,جمال
khalid_assiri,2,خالد عسيري,تمثيل
adwaaldakheel,2,أضوى الدخيل,مؤثر
reemalsanea,2,ريم الصانع,صانع محتوى
milaalzahrani,2,ميلا الزهراني,تمثيل
saadulz,2,سعد عزيز,تمثيل
moayedth,2,مؤيد الثقفي,تمثيل
dr_adelradwan,2,عادل رضوان,تمثيل
iabodsy,2,العوبد,ترفيه
lama.alakeel,2,لما العقيل,أزياء
majesty.rozana,2,روزانا اليامي,لايف ستايل
a_sadhan,2,عبدالرحمن السدحان,لايف ستايل
hishamstar,2,هشام الهويش,تمثيل
mmkh07,2,محمد الجنوبي,بلوقر
hanan_alraimi,2,حنان الريمي,لايف ستايل
kh_abulaban,2,خيرية أبو لبن,تمثيل
sarahalyafei,2,سارة اليافعي,تمثيل
aaljumah,2,عبدالله الجمعة,سفر
nojoud_alrumaihi,2,نجود الرميحي,أزياء
heba1117,2,هبة الحسين,تمثيل
essam.gh7,2,عصام الغامدي,طبخ
omarhuss,2,عمر حسين,تمثيل
mashael_turkii,2,مشاعل التركي,أزياء
ahsa.111,2,حسين البقشي,صانع محتوى
maryamalnasser,2,مريم الناصر,جمال
alanoud_artist,2,العنود يماني,جمال
njeel_d,2,نجلاء الودعاني,بلوقر
beautykaai,2,خولة العنزي,جمال
yasiralsaggaf,2,ياسر السقاف,تمثيل
aseel__emad,2,اسيل عماد,لايف ستايل
hani__halwani,2,هاني حلواني,صانع محتوى
abdallhnasser,2,عبدالله ناصر,غناء
aboshar3,2,ابوشارع القحطاني,لايف ستايل
moutasimzoon,2,المعتصم طرابزوني,تمثيل
d7oom4cars,2,عبدالرحمن الخالدي,صانع محتوى
suhanowailaty,2,سها نويلاتي,اعلام
abdul_huss,2,عبدالله الحسين,تمثيل
makeup_doodi,2,بدور البراهيم,جمال
auodi,2,أودي الزبن,جمال
wejdanallsaleh,2,وجدان الصالح,جمال
dona_1112,2,دونا الحسين,جمال
amira_alh,2,أميرة العباس,اعلام
amalshahraan,2,أمل الشهراني,متحدث محفز
just.bayan,2,بيان لنجاوي,جمال
shorougayman,2,شروق أيمن,جمال
dehraan,2,دهران,طبخ
mohannadzarei,2,مهند زارع,غناء
farah_f_hakim,2,فرح حكيم,لايف ستايل
stylemesausan,2,سوسن القاضي,أزياء
mahaabdulla.a,2,مها عبدالله,اعلام
falghazzawi,2,فيصل الغزاوي,أزياء
alya_khalill,2,عالية خليل,أزياء
daniaallsaleh,2,دانيا الصالح,أزياء
ratanamohammed,2,راتانا محمد,جمال
hindalqahtani91,2,هند القحطاني,لايف ستايل
naifaldaferi,2,نايف الظفيري,تمثيل
hayat24h,2,حياة الحربي,لايف ستايل
alsadeemalmutairi,2,السديم المطيري,جمال
TheLatestGhala,2,غلا,جمال
randa_1415,2,رندا تركستاني,لايف ستايل
aramkabbani,2,آرام قباني,أزياء
alanoudyamani,2,العنود يماني,صحة
badr_alali1400,2,بدر العلي,سفر
"shm50011
",2,وناسة البر,ترفيه
hala_alharithy,2,هلا الحارثي,أزياء
rafalsaria,2,رفال سارية,أزياء
eman.alanssi,2,ايمان الآنسي,جمال
farooi,2,فارس التركي,صانع محتوى
hessahalsanea_,2,حصة الصانع,لايف ستايل
hatoonkadi,2,هتون قاضي,صانع محتوى
model_jooj,2,نجوى العبدالله,أزياء
"wajeeho2
",2,وجيه,صانع محتوى
aan.1403,2,الهواوي,طبخ
hamad_047,2,حمد الزلفاوي,طبخ
mmx_f16,2,محمد حبيب الكل,ترفيه
iimeeto,3,ميتو الشامسي,ترفيه
n.vv3,3,ناصر السبيعي في دبي,لايف ستايل
y_.3050._,3,قعيد المجد,ترفيه
ashraf_noonn,3,يوميات عائله ملسوعه,ترفيه
hattan,3,هتان,لايف ستايل
mc_abualnour,3,فواز أبو النور,صانع محتوى
mnno1421,3,عبدالرحمن نيلا,صانع محتوى
ta7oo,3,تاحو,صانع محتوى
6ar8o,3,طارق الحربي,ترفيه
d7oom4cars,3,عبدالرحمن الخالدي,صانع محتوى
sultan_sss,3,سلطان الفيصل,أزياء
rahafalq50,3,رهف القحطاني,لايف ستايل
hazi08,3,عزازي / حمد,ترفيه
shx777,3,اسامة الدغيري,ترفيه
rbaa36,3,الربع صديق الكل,صانع محتوى
akm1999,3,عز الخد,ترفيه
whatksa,3,محمد المالكي (أبو مشاري),تمثيل
mjrmgemz,3,مجرم قيمز,ترفيه
zenaemaaad,3,زينة عماد,غناء
leesaseel1,3,LES/ ليسا,غناء
modelroz,3,روز عبدالله,أزياء
rad.7077,3,رائد سليم,تمثيل
dh_mx,3,دحوم,تمثيل
als3fi,3,بندر الشهري,صانع محتوى
dehraan,3,دهران,طبخ
dstor0,3,دستور,لايف ستايل
7alsabe,3,عبدالله السبع,صانع محتوى
layalimakeoverr,3,ليالي,جمال
sarah_wad3ani,3,سارة الودعاني,جمال
epacademy,3,ابو عمر,تعليم
shweel1122,3,شويل,ترفيه
3gaming,3,أبو عابد,ترفيه
amyroko,3,ايمي روكو,صانع محتوى
eleen_su,3,الين سليمان,جمال
alanoud_alyousef,3,العنود اليوسف,لايف ستايل
shooggah,3,شوق محمد,جمال
iigf11,3,فيصل اليامي (Faisal Alyami),لايف ستايل
bmk,3,أبو شعير,صانع محتوى
fayhan77,3,فيحان ابن الصحراء,لايف ستايل
afnaneta2,3,افنانيتا بلوقر,بلوقر
k.aa.rh,3,(كاره) حسين بن محمد,صانع محتوى
muruj.mo,3,مروج الرحيلي,جمال
hamdy_s,3,حمدي الفريدي,صانع محتوى
amal16600,3,أمل احمد,لايف ستايل
zoozto,3,فوز العتيبي,ترفيه
hasan_bin,3,حسن بن محفوظ,صانع محتوى
muhannaddesign,3,مهند الحربي,لايف ستايل
turkishwithamal,3,امل التركي,طبخ
hussein_sm,3,حسين بن محفوظ,صانع محتوى
r_j3310,3,قلب العناء,تمثيل
hamoosh.22,3,حموش,تمثيل
trendnews24,3,Trendnews24,اعلام
obid_24,3,أبو يزيد وأبو يارا,صانع محتوى
maryamalnasser6,3,مريم الناصر,جمال
8o,3,ماجد العتيبي,صانع محتوى
lave1122,3,أبو فهد,تمثيل
ibrahimbasha,3,إبراهيم باشا,ترفيه
taif.ta3345,3,الشيف أبو عبدالله (ملك الطبخ),طبخ
zoonfamily,3,المعتصم طرابزوني,تمثيل
aseel,3,أسيل عمران,تمثيل
abeersinder,3,عبير سندر,جمال
abohor_,3,ابو حور,لايف ستايل
njoudsh1,3,نجود بنت مشعل,جمال
tounk16,3,ثنيان خالد,متحدث محفز
shougmakeup,3,شوق القحطاني,أزياء
ziisnik,3,بدر بن عبدالله,تمثيل
moalsahli,3,محمد السهلي,غناء
yaralnamlah_,3,YARA ALNAMLAH,جمال
saadulz,3,سعد عزيز,تمثيل
hassan_f12,3,مستر شنب (MrMrSnB2),صانع محتوى
bdoor.23,3,بدور البراهيم,جمال
natashasinger,3,ناتاشا,غناء
sain__f,3,سلوم / المتحدث الرسمي,رياضة
iibessooo,3,بسام الفيفي روح السياحة,سفر
chef.azizmutawa,3,شيف عزيز,طبخ
os.sksk1994,3,أسامة داود,ترفيه
mmkh07,3,محمد الجنوبي,بلوقر
gomus5187,3,قمص,رياضة
hassan_alsobhan123,3,حسن الصبحان,ترفيه
thehalax,3,هلا عبدالله,جمال
naifbd101,3,نايف الظفيري,تمثيل
fayezbinjurays,3,فايز بن جريس,تمثيل
flmha_,3,عبدالله القفاري,ترفيه
hudaahmed.14,3,هدي احمد,جمال
fo2shy93,3,فؤش السكلنص,تمثيل
ii3amr,3,عامر التميمي,صانع محتوى
abu_ajeeb,3,ابو عجيب,ترفيه
najd.love,3,نجد,لايف ستايل
abdallhnasser,3,عبدالله ناصر,غناء
shorougayman,3,شروق أيمن,جمال
mm140666,3,مها الرويلي,صانع محتوى
aposn2,3,أبو سن,تمثيل
zayed_alsaleh,3,زايد الصالح,غناء
zio366,3,زياد الشهري,اعلام
aseelemad88,3,اسيل عماد,أزياء
talansari_91,3,فاطمة الأنصاري,جمال
mashael_turkii,3,مشاعل التركي,أزياء
faisal_almaayouf,3,فيصل المعيوف,لايف ستايل
5d26,3,صدي الشرقية,صانع محتوى
gw.8,3,قبل وبعد,صانع محتوى
almutiri.gh1,3,غازي المطيري,اعلام
hishamstar,3,هشام الهويش,تمثيل
reemalsaneaaa,3,ريم الصانع,صانع محتوى
ratanamohammed,3,راتانا محمد,جمال
bos3d_209,3,عبدالله الودعاني AW,لايف ستايل
dalal1ksa,3,دلال المحمد,اعلام
njoo.91,3,نجوى العبدالله,أزياء
shahad1fz,3,شهد الزهراني,جمال
hanan_ra,3,حنان الريمي,لايف ستايل
queen.loolli,3,lolli,أزياء
njeeld,3,نجلاء الودعاني,بلوقر
ksks1020,3,مخلد سهل,تمثيل
khalid_assiri,3,خالد عسيري,تمثيل
hussam_shammaa,3,حسام شماع,طبخ
omarhuss,3,عمر حسين,تمثيل
m000966x,3,مشعل الاسباني,تمثيل
heba1177,3,هبة الحسين,تمثيل
he6mo,3,طهوج مطاعم,طبخ
nasrah24n,3,نصرة الحربي,لايف ستايل
qedo_7,3,عبدالقادر الشهراني,بلوقر
iabodsy_1,3,العوبد,ترفيه
nojoud.r,3,نجود الرميحي,أزياء
nma4477,3,نايف الوثلان,ترفيه
wajeho2,3,وجيه,صانع محتوى
alomiri4,3,محمد العميري / alomiri,رياضة
essam.gh7,3,عصام الغامدي,طبخ
ahsa.111,3,حسين البقشي,صانع محتوى
rajeh_90,3,راجح الحارثي,صانع محتوى
badersaleh66,3,بدر صالح,تمثيل
wejdanallsaleh,3,وجدان الصالح,جمال
aan.1403,3,الهواوي,طبخ
abdul_thc,3,الرحال عبدالله السلمي,سفر
a44ss,3,عبدالله السلامه / مسافر,سفر
lamaalakeel,3,لما العقيل,أزياء
sasamq2,3,سعيد بن مانع,شاعر
meeli_24,3,معالي السعودية / في البوسنة,سفر
moayedth,3,مؤيد الثقفي,تمثيل
salehalareedh,3,الكابتن صالح العريض,رياضة
auodi,3,أودي الزبن,جمال
m14,3,مهند عسيري,رياضة
alsadeemalm,3,السديم المطيري,جمال
hayatalharbi,3,حياة الحربي,سفر
mo8rm,3,مستر صدمة,ترفيه
az_binfahad,3,عز بن فهد,لايف ستايل
llole95,3,ليان عبدالله,جمال
ffd32,3,فيصل بن فهد,لايف ستايل
thamerghlis,3,ثامر الغليس,اعلام
a99900100,3,ابو بجاد الهارف,سفر
a_sadhan,3,عبدالرحمن السدحان,لايف ستايل
farooi,3,فارس التركي,صانع محتوى
itssarahalyafei,3,سارة اليافعي,تمثيل
falghazzawi,3,فيصل الغزاوي,أزياء
meer3ii,3,مرعي,صانع محتوى
yaasa1200,3,سامي الزهراني ياسا,متحدث محفز
al3noood4144,3,ذكريات الحميد,تمثيل
fozaza,3,العنود بدر,أزياء
alanoud_artist,3,العنود يماني,جمال
daniaallsaleh,3,دانيا الصالح,أزياء
its_abdul_huss,3,عبدالله الحسين,تمثيل
hmsat_al3ion1,3,هموسة - هدى خالد,لايف ستايل
heshooo_20,3,هشام العشيوان,صانع محتوى
stylemesausan,3,سوسن القاضي,أزياء
xjoodx0,3,جود عزيز,جمال
randa_dawood,3,رندا تركستاني,لايف ستايل
its.khawlah,3,خولة العنزي,جمال
ms_maayyaa,3,الملكة مايا,جمال
zied_alswaida,3,زيد السويداء,تمثيل
khf166,3,مستر طفشان,ترفيه
yasiralsaggaf,3,ياسر السقاف,تمثيل
ziibordo8a1,3,راشد بن عبدالله,تمثيل
donaalhussin,3,دونا الحسين,جمال
yalghonaim,3,د.يزيد الغنيم,صحة
z22mmm,3,وسع صدرك / عبد الكريم,ترفيه
bayan.linjawi,3,بيان لنجاوي,جمال
badr_alali1400,3,بدر العلي,سفر
hessahalsanea_,3,حصة الصانع,لايف ستايل
shm50011,3,وناسة البر,ترفيه
mohanadzarei,3,مهند زارع,غناء
m_saakran1,3,محمد السكران,صانع محتوى
faisal_alswat,3,فيصل السواط,لايف ستايل
bee_3232b,3,Bee,جمال
mt.ll,3,مستر شمات / Moaath,صانع محتوى
swailem2013,3,إبراهيم السويلم,اعلام
milaalzahrani,3,ميلا الزهراني,تمثيل
hind.alqahtani.91,3,هند القحطاني,لايف ستايل
malika_kabli1,3,ملكة كابلي,جمال
3217mi,3,مستر طقطقه,صانع محتوى
shoody006,3,شودي في مصر,رياضة
